transcription	title_pattern_match	title_pattern_item	title_pattern_result	year	page	range_definition	location_list_match	location_list_item	location_list_result	company_pattern_match	company_pattern_item	company_pattern_result	goods_pattern_match	goods_pattern_item	goods_pattern_result	address_pattern_match	address_pattern_item	address_pattern_result	phone_number_pattern_match	phone_number_pattern_item	phone_number_pattern_result	address_list_match	address_list_item	address_list_result	address_best_match	address_best_match_type	address_best_match_strategy
International Transport	True	(([A-Z][a-z]{1,10})? ?([A-Z][a-z]{1,10}) \(([A-Z][a-z]{1,10})? ?([a-z]{1,15})?,? ?([a-z]{1,15})\)$|^ ?[A-Z][a-z]{1,20}(( and | und )? ?-?[A-Z][a-z]{1,20})?( and | und )?( ?[A-Z][a-z]{1,20})?( ?\([A-Z][a-z]{1,10}\))?$|^ ?[A-Z][a-z]{1,10} \([A-Z][a-z]{1,10}\) [A-Z][a-z]{1,15}$)	International Transport	1948	115	index																					
The Basle Warehouse Co. Ltd., 1, Erlenstrasse, Basle; Phone (061) 4 3866; Telgr. Warehouses Basle.				1948	115	index	True	Basle.	Basle.	True	(^.{1,30} ? (Frères|Brothers|Co\.|& Co\.,|Ltd\.|& Cie.,|S\. A\.,|A\.-G\.,|A\. G\.) ?(S. A.)?|^[A-Z]. [A-Z]. \w{1,10}|^ ?[A-Z][a-z]{1,3}\. \w{1,10}-?\w{1,10}|^\w{1,10} & \w{1,10}|^ ?[A-Z]. \w{1,10}|.{1,100} Co\.|^[A-Z][a-z]{1,10} [A-Z][a-z]{1,10},)	The Basle Warehouse Co. Ltd.	True	(?!\(Mr. Egli; Phone 44.461, Basle\)|\(Vaud\)|\(Grands Magasins Innovation S.A.\)|\(St. Gall\)|\((Grands Magasins Innovation, S.A.)\)|\(agent\)|\(Egypt\)|\(J. Baumgartner\)|\(O. Hauser\)|\(Ch. Mayer, Prop.\)|\(Stockport\)|\(Switzerland\)|\(Burg\)|\(Continental\)|\(1920\)|\(Bury\)|\(England\))\(.{1,150}\),? ?	(061)	True	([0-9]{1,4}(,|\.) [A-Z].{1,15}(sprung|quai|berg|rain|vorstadt|weg|allee|gasse|graben|strasse|platz| Street| Road)|[0-9]{1,4}(,|\.)? (rue de la|Route des|Route de|Boulevard de|Charing|Via|Pall|Avenue de|Rue|Rue de|Grand|Rue du|rue|St.|Avenue|Place|Avenue de la|Rue de la|Ruelle) [A-Z].{1,15},|[A-Z][a-z]{1,10} (E.| W. S.) [0-9]{1,3})	1, Erlenstrasse									
Crowe & Co. Ltd., 67, Nauenstrasse, Basle; Phone 4 1880; Telgr. Crower Basle.				1948	115	index	True	Basle.	Basle.	True	(^.{1,30} ? (Frères|Brothers|Co\.|& Co\.,|Ltd\.|& Cie.,|S\. A\.,|A\.-G\.,|A\. G\.) ?(S. A.)?|^[A-Z]. [A-Z]. \w{1,10}|^ ?[A-Z][a-z]{1,3}\. \w{1,10}-?\w{1,10}|^\w{1,10} & \w{1,10}|^ ?[A-Z]. \w{1,10}|.{1,100} Co\.|^[A-Z][a-z]{1,10} [A-Z][a-z]{1,10},)	Crowe & Co. Ltd.				True	([0-9]{1,4}(,|\.) [A-Z].{1,15}(sprung|quai|berg|rain|vorstadt|weg|allee|gasse|graben|strasse|platz| Street| Road)|[0-9]{1,4}(,|\.)? (rue de la|Route des|Route de|Boulevard de|Charing|Via|Pall|Avenue de|Rue|Rue de|Grand|Rue du|rue|St.|Avenue|Place|Avenue de la|Rue de la|Ruelle) [A-Z].{1,15},|[A-Z][a-z]{1,10} (E.| W. S.) [0-9]{1,3})	67, Nauenstrasse	True	(Phone ([A-Z][a-z]{1,10} )?[0-9]{1,5}((\/|\.| )[0-9]{1,5})?|Phones [0-9]{1,5}.{1,8};|Phone « [A-Z][a-z]{1,10} » [0-9]{1,6}|Phone [A-Z][a-z]{1,10}, [0-9]{1,6})	Phone 4 1880						
Danzas & Co. Ltd., 8, Holbeinplatz, Basle; Phone (061) 2 36 36; Telgr. Danzas Basle.				1948	115	index	True	Basle.	Basle.	True	(^.{1,30} ? (Frères|Brothers|Co\.|& Co\.,|Ltd\.|& Cie.,|S\. A\.,|A\.-G\.,|A\. G\.) ?(S. A.)?|^[A-Z]. [A-Z]. \w{1,10}|^ ?[A-Z][a-z]{1,3}\. \w{1,10}-?\w{1,10}|^\w{1,10} & \w{1,10}|^ ?[A-Z]. \w{1,10}|.{1,100} Co\.|^[A-Z][a-z]{1,10} [A-Z][a-z]{1,10},)	Danzas & Co. Ltd.	True	(?!\(Mr. Egli; Phone 44.461, Basle\)|\(Vaud\)|\(Grands Magasins Innovation S.A.\)|\(St. Gall\)|\((Grands Magasins Innovation, S.A.)\)|\(agent\)|\(Egypt\)|\(J. Baumgartner\)|\(O. Hauser\)|\(Ch. Mayer, Prop.\)|\(Stockport\)|\(Switzerland\)|\(Burg\)|\(Continental\)|\(1920\)|\(Bury\)|\(England\))\(.{1,150}\),? ?	(061)	True	([0-9]{1,4}(,|\.) [A-Z].{1,15}(sprung|quai|berg|rain|vorstadt|weg|allee|gasse|graben|strasse|platz| Street| Road)|[0-9]{1,4}(,|\.)? (rue de la|Route des|Route de|Boulevard de|Charing|Via|Pall|Avenue de|Rue|Rue de|Grand|Rue du|rue|St.|Avenue|Place|Avenue de la|Rue de la|Ruelle) [A-Z].{1,15},|[A-Z][a-z]{1,10} (E.| W. S.) [0-9]{1,3})	8, Holbeinplatz				True	Holbeinplatz	Holbeinplatz	8, Holbeinplatz	pattern	longest_match
Free Port of Zurich Ltd., 47, Freilagerstrasse, Zurich; Phone (051) 239760; 2397 61; 2397 62; Telgr. Freilager, Zurich.				1948	115	index	True	Zurich.	Zurich.	True	(^.{1,30} ? (Frères|Brothers|Co\.|& Co\.,|Ltd\.|& Cie.,|S\. A\.,|A\.-G\.,|A\. G\.) ?(S. A.)?|^[A-Z]. [A-Z]. \w{1,10}|^ ?[A-Z][a-z]{1,3}\. \w{1,10}-?\w{1,10}|^\w{1,10} & \w{1,10}|^ ?[A-Z]. \w{1,10}|.{1,100} Co\.|^[A-Z][a-z]{1,10} [A-Z][a-z]{1,10},)	Free Port of Zurich Ltd.	True	(?!\(Mr. Egli; Phone 44.461, Basle\)|\(Vaud\)|\(Grands Magasins Innovation S.A.\)|\(St. Gall\)|\((Grands Magasins Innovation, S.A.)\)|\(agent\)|\(Egypt\)|\(J. Baumgartner\)|\(O. Hauser\)|\(Ch. Mayer, Prop.\)|\(Stockport\)|\(Switzerland\)|\(Burg\)|\(Continental\)|\(1920\)|\(Bury\)|\(England\))\(.{1,150}\),? ?	(051)	True	([0-9]{1,4}(,|\.) [A-Z].{1,15}(sprung|quai|berg|rain|vorstadt|weg|allee|gasse|graben|strasse|platz| Street| Road)|[0-9]{1,4}(,|\.)? (rue de la|Route des|Route de|Boulevard de|Charing|Via|Pall|Avenue de|Rue|Rue de|Grand|Rue du|rue|St.|Avenue|Place|Avenue de la|Rue de la|Ruelle) [A-Z].{1,15},|[A-Z][a-z]{1,10} (E.| W. S.) [0-9]{1,3})	47, Freilagerstrasse									
Rodolphe Haller Ltd., 7, rue des Gares, Geneva; Phone (022) 265 15; Telgr. Marisuisse Geneva.				1948	115	index	True	Geneva.	Geneva.	True	(^.{1,30} ? (Frères|Brothers|Co\.|& Co\.,|Ltd\.|& Cie.,|S\. A\.,|A\.-G\.,|A\. G\.) ?(S. A.)?|^[A-Z]. [A-Z]. \w{1,10}|^ ?[A-Z][a-z]{1,3}\. \w{1,10}-?\w{1,10}|^\w{1,10} & \w{1,10}|^ ?[A-Z]. \w{1,10}|.{1,100} Co\.|^[A-Z][a-z]{1,10} [A-Z][a-z]{1,10},)	Rodolphe Haller Ltd.	True	(?!\(Mr. Egli; Phone 44.461, Basle\)|\(Vaud\)|\(Grands Magasins Innovation S.A.\)|\(St. Gall\)|\((Grands Magasins Innovation, S.A.)\)|\(agent\)|\(Egypt\)|\(J. Baumgartner\)|\(O. Hauser\)|\(Ch. Mayer, Prop.\)|\(Stockport\)|\(Switzerland\)|\(Burg\)|\(Continental\)|\(1920\)|\(Bury\)|\(England\))\(.{1,150}\),? ?	(022)												
Charles Im Obersteg & Co. Ltd., 30, Aeschengraben, Basle; Phone (061) 2 26 60; Telgr. Cobersteg, Basle.				1948	115	index	True	Basle.	Basle.	True	(^.{1,30} ? (Frères|Brothers|Co\.|& Co\.,|Ltd\.|& Cie.,|S\. A\.,|A\.-G\.,|A\. G\.) ?(S. A.)?|^[A-Z]. [A-Z]. \w{1,10}|^ ?[A-Z][a-z]{1,3}\. \w{1,10}-?\w{1,10}|^\w{1,10} & \w{1,10}|^ ?[A-Z]. \w{1,10}|.{1,100} Co\.|^[A-Z][a-z]{1,10} [A-Z][a-z]{1,10},)	Charles Im Obersteg & Co. Ltd.	True	(?!\(Mr. Egli; Phone 44.461, Basle\)|\(Vaud\)|\(Grands Magasins Innovation S.A.\)|\(St. Gall\)|\((Grands Magasins Innovation, S.A.)\)|\(agent\)|\(Egypt\)|\(J. Baumgartner\)|\(O. Hauser\)|\(Ch. Mayer, Prop.\)|\(Stockport\)|\(Switzerland\)|\(Burg\)|\(Continental\)|\(1920\)|\(Bury\)|\(England\))\(.{1,150}\),? ?	(061)	True	([0-9]{1,4}(,|\.) [A-Z].{1,15}(sprung|quai|berg|rain|vorstadt|weg|allee|gasse|graben|strasse|platz| Street| Road)|[0-9]{1,4}(,|\.)? (rue de la|Route des|Route de|Boulevard de|Charing|Via|Pall|Avenue de|Rue|Rue de|Grand|Rue du|rue|St.|Avenue|Place|Avenue de la|Rue de la|Ruelle) [A-Z].{1,15},|[A-Z][a-z]{1,10} (E.| W. S.) [0-9]{1,3})	30, Aeschengraben									
John Im Obersteg & Co. Ltd., 24 28, Aeschengraben, Basle; Phone (061) 3 78 20; Telgr. Hioco Basle.				1948	115	index	True	Basle.	Basle.	True	(^.{1,30} ? (Frères|Brothers|Co\.|& Co\.,|Ltd\.|& Cie.,|S\. A\.,|A\.-G\.,|A\. G\.) ?(S. A.)?|^[A-Z]. [A-Z]. \w{1,10}|^ ?[A-Z][a-z]{1,3}\. \w{1,10}-?\w{1,10}|^\w{1,10} & \w{1,10}|^ ?[A-Z]. \w{1,10}|.{1,100} Co\.|^[A-Z][a-z]{1,10} [A-Z][a-z]{1,10},)	John Im Obersteg & Co. Ltd.	True	(?!\(Mr. Egli; Phone 44.461, Basle\)|\(Vaud\)|\(Grands Magasins Innovation S.A.\)|\(St. Gall\)|\((Grands Magasins Innovation, S.A.)\)|\(agent\)|\(Egypt\)|\(J. Baumgartner\)|\(O. Hauser\)|\(Ch. Mayer, Prop.\)|\(Stockport\)|\(Switzerland\)|\(Burg\)|\(Continental\)|\(1920\)|\(Bury\)|\(England\))\(.{1,150}\),? ?	(061)	True	([0-9]{1,4}(,|\.) [A-Z].{1,15}(sprung|quai|berg|rain|vorstadt|weg|allee|gasse|graben|strasse|platz| Street| Road)|[0-9]{1,4}(,|\.)? (rue de la|Route des|Route de|Boulevard de|Charing|Via|Pall|Avenue de|Rue|Rue de|Grand|Rue du|rue|St.|Avenue|Place|Avenue de la|Rue de la|Ruelle) [A-Z].{1,15},|[A-Z][a-z]{1,10} (E.| W. S.) [0-9]{1,3})	28, Aeschengraben									
World Transport Agency Ltd., 8, Viaduktstrasse, Basle; Phone (061) 248 80; Telgr. Groupages Basle.				1948	115	index	True	Basle.	Basle.	True	(^.{1,30} ? (Frères|Brothers|Co\.|& Co\.,|Ltd\.|& Cie.,|S\. A\.,|A\.-G\.,|A\. G\.) ?(S. A.)?|^[A-Z]. [A-Z]. \w{1,10}|^ ?[A-Z][a-z]{1,3}\. \w{1,10}-?\w{1,10}|^\w{1,10} & \w{1,10}|^ ?[A-Z]. \w{1,10}|.{1,100} Co\.|^[A-Z][a-z]{1,10} [A-Z][a-z]{1,10},)	World Transport Agency Ltd.	True	(?!\(Mr. Egli; Phone 44.461, Basle\)|\(Vaud\)|\(Grands Magasins Innovation S.A.\)|\(St. Gall\)|\((Grands Magasins Innovation, S.A.)\)|\(agent\)|\(Egypt\)|\(J. Baumgartner\)|\(O. Hauser\)|\(Ch. Mayer, Prop.\)|\(Stockport\)|\(Switzerland\)|\(Burg\)|\(Continental\)|\(1920\)|\(Bury\)|\(England\))\(.{1,150}\),? ?	(061)	True	([0-9]{1,4}(,|\.) [A-Z].{1,15}(sprung|quai|berg|rain|vorstadt|weg|allee|gasse|graben|strasse|platz| Street| Road)|[0-9]{1,4}(,|\.)? (rue de la|Route des|Route de|Boulevard de|Charing|Via|Pall|Avenue de|Rue|Rue de|Grand|Rue du|rue|St.|Avenue|Place|Avenue de la|Rue de la|Ruelle) [A-Z].{1,15},|[A-Z][a-z]{1,10} (E.| W. S.) [0-9]{1,3})	8, Viaduktstrasse									
Iron Founders	True	(([A-Z][a-z]{1,10})? ?([A-Z][a-z]{1,10}) \(([A-Z][a-z]{1,10})? ?([a-z]{1,15})?,? ?([a-z]{1,15})\)$|^ ?[A-Z][a-z]{1,20}(( and | und )? ?-?[A-Z][a-z]{1,20})?( and | und )?( ?[A-Z][a-z]{1,20})?( ?\([A-Z][a-z]{1,10}\))?$|^ ?[A-Z][a-z]{1,10} \([A-Z][a-z]{1,10}\) [A-Z][a-z]{1,15}$)	Iron Founders	1948	115	index																					
George Fischer Lid., Schaffhausen; Phone (053) 5 30 21; 5 40 24; Telgr. Ferostalo, Schaffhausen.				1948	115	index	True	Schaffhausen.	Schaffhausen.				True	(?!\(Mr. Egli; Phone 44.461, Basle\)|\(Vaud\)|\(Grands Magasins Innovation S.A.\)|\(St. Gall\)|\((Grands Magasins Innovation, S.A.)\)|\(agent\)|\(Egypt\)|\(J. Baumgartner\)|\(O. Hauser\)|\(Ch. Mayer, Prop.\)|\(Stockport\)|\(Switzerland\)|\(Burg\)|\(Continental\)|\(1920\)|\(Bury\)|\(England\))\(.{1,150}\),? ?	(053)												
Ironmongery	True	(([A-Z][a-z]{1,10})? ?([A-Z][a-z]{1,10}) \(([A-Z][a-z]{1,10})? ?([a-z]{1,15})?,? ?([a-z]{1,15})\)$|^ ?[A-Z][a-z]{1,20}(( and | und )? ?-?[A-Z][a-z]{1,20})?( and | und )?( ?[A-Z][a-z]{1,20})?( ?\([A-Z][a-z]{1,10}\))?$|^ ?[A-Z][a-z]{1,10} \([A-Z][a-z]{1,10}\) [A-Z][a-z]{1,15}$)	Ironmongery	1948	115	index																					
Willy Egli, 11, Talstrasse, Zurich; Phone (051) 27 2991; Telgr. Stop. Zurich.				1948	115	index	True	Zurich.	Zurich.				True	(?!\(Mr. Egli; Phone 44.461, Basle\)|\(Vaud\)|\(Grands Magasins Innovation S.A.\)|\(St. Gall\)|\((Grands Magasins Innovation, S.A.)\)|\(agent\)|\(Egypt\)|\(J. Baumgartner\)|\(O. Hauser\)|\(Ch. Mayer, Prop.\)|\(Stockport\)|\(Switzerland\)|\(Burg\)|\(Continental\)|\(1920\)|\(Bury\)|\(England\))\(.{1,150}\),? ?	(051)	True	([0-9]{1,4}(,|\.) [A-Z].{1,15}(sprung|quai|berg|rain|vorstadt|weg|allee|gasse|graben|strasse|platz| Street| Road)|[0-9]{1,4}(,|\.)? (rue de la|Route des|Route de|Boulevard de|Charing|Via|Pall|Avenue de|Rue|Rue de|Grand|Rue du|rue|St.|Avenue|Place|Avenue de la|Rue de la|Ruelle) [A-Z].{1,15},|[A-Z][a-z]{1,10} (E.| W. S.) [0-9]{1,3})	11, Talstrasse									
Werner Jeker (agent), 4, Rigistrasse, Zurich; Phone (051) 26 16 90; Telgr. Weyote Zurich.				1948	115	index	True	Zurich.	Zurich.				True	(?!\(Mr. Egli; Phone 44.461, Basle\)|\(Vaud\)|\(Grands Magasins Innovation S.A.\)|\(St. Gall\)|\((Grands Magasins Innovation, S.A.)\)|\(agent\)|\(Egypt\)|\(J. Baumgartner\)|\(O. Hauser\)|\(Ch. Mayer, Prop.\)|\(Stockport\)|\(Switzerland\)|\(Burg\)|\(Continental\)|\(1920\)|\(Bury\)|\(England\))\(.{1,150}\),? ?	(051)	True	([0-9]{1,4}(,|\.) [A-Z].{1,15}(sprung|quai|berg|rain|vorstadt|weg|allee|gasse|graben|strasse|platz| Street| Road)|[0-9]{1,4}(,|\.)? (rue de la|Route des|Route de|Boulevard de|Charing|Via|Pall|Avenue de|Rue|Rue de|Grand|Rue du|rue|St.|Avenue|Place|Avenue de la|Rue de la|Ruelle) [A-Z].{1,15},|[A-Z][a-z]{1,10} (E.| W. S.) [0-9]{1,3})	4, Rigistrasse									
Kraft & Geiser Ltd., 17, Sempacherstrasse, Basle; Phone (061) 29749; Telgr. Kraftgeiser Basle.				1948	115	index	True	Basle.	Basle.	True	(^.{1,30} ? (Frères|Brothers|Co\.|& Co\.,|Ltd\.|& Cie.,|S\. A\.,|A\.-G\.,|A\. G\.) ?(S. A.)?|^[A-Z]. [A-Z]. \w{1,10}|^ ?[A-Z][a-z]{1,3}\. \w{1,10}-?\w{1,10}|^\w{1,10} & \w{1,10}|^ ?[A-Z]. \w{1,10}|.{1,100} Co\.|^[A-Z][a-z]{1,10} [A-Z][a-z]{1,10},)	Kraft & Geiser Ltd.	True	(?!\(Mr. Egli; Phone 44.461, Basle\)|\(Vaud\)|\(Grands Magasins Innovation S.A.\)|\(St. Gall\)|\((Grands Magasins Innovation, S.A.)\)|\(agent\)|\(Egypt\)|\(J. Baumgartner\)|\(O. Hauser\)|\(Ch. Mayer, Prop.\)|\(Stockport\)|\(Switzerland\)|\(Burg\)|\(Continental\)|\(1920\)|\(Bury\)|\(England\))\(.{1,150}\),? ?	(061)	True	([0-9]{1,4}(,|\.) [A-Z].{1,15}(sprung|quai|berg|rain|vorstadt|weg|allee|gasse|graben|strasse|platz| Street| Road)|[0-9]{1,4}(,|\.)? (rue de la|Route des|Route de|Boulevard de|Charing|Via|Pall|Avenue de|Rue|Rue de|Grand|Rue du|rue|St.|Avenue|Place|Avenue de la|Rue de la|Ruelle) [A-Z].{1,15},|[A-Z][a-z]{1,10} (E.| W. S.) [0-9]{1,3})	17, Sempacherstrasse									
Jewel Bearings	True	(([A-Z][a-z]{1,10})? ?([A-Z][a-z]{1,10}) \(([A-Z][a-z]{1,10})? ?([a-z]{1,15})?,? ?([a-z]{1,15})\)$|^ ?[A-Z][a-z]{1,20}(( and | und )? ?-?[A-Z][a-z]{1,20})?( and | und )?( ?[A-Z][a-z]{1,20})?( ?\([A-Z][a-z]{1,10}\))?$|^ ?[A-Z][a-z]{1,10} \([A-Z][a-z]{1,10}\) [A-Z][a-z]{1,15}$)	Jewel Bearings	1948	115	index																					
Golay-Buchel & Co. Ltd. (Manufacturers and dealers), Le Gali¬ cien-Malley, Lausanne; Phone (021) 4 85 71.				1948	115	index				True	(^.{1,30} ? (Frères|Brothers|Co\.|& Co\.,|Ltd\.|& Cie.,|S\. A\.,|A\.-G\.,|A\. G\.) ?(S. A.)?|^[A-Z]. [A-Z]. \w{1,10}|^ ?[A-Z][a-z]{1,3}\. \w{1,10}-?\w{1,10}|^\w{1,10} & \w{1,10}|^ ?[A-Z]. \w{1,10}|.{1,100} Co\.|^[A-Z][a-z]{1,10} [A-Z][a-z]{1,10},)	Golay-Buchel & Co. Ltd.	True	(?!\(Mr. Egli; Phone 44.461, Basle\)|\(Vaud\)|\(Grands Magasins Innovation S.A.\)|\(St. Gall\)|\((Grands Magasins Innovation, S.A.)\)|\(agent\)|\(Egypt\)|\(J. Baumgartner\)|\(O. Hauser\)|\(Ch. Mayer, Prop.\)|\(Stockport\)|\(Switzerland\)|\(Burg\)|\(Continental\)|\(1920\)|\(Bury\)|\(England\))\(.{1,150}\),? ?	(Manufacturers and dealers), Le Gali¬ cien-Malley, Lausanne; Phone (021)												
Swiss Jewel Co. Ltd. (for industrial purposes), via della Posta, Locarno; Phone (093) 7 16 61; Telgr. Sico» Locarno.				1948	115	index	True	Locarno.	Locarno.	True	(^.{1,30} ? (Frères|Brothers|Co\.|& Co\.,|Ltd\.|& Cie.,|S\. A\.,|A\.-G\.,|A\. G\.) ?(S. A.)?|^[A-Z]. [A-Z]. \w{1,10}|^ ?[A-Z][a-z]{1,3}\. \w{1,10}-?\w{1,10}|^\w{1,10} & \w{1,10}|^ ?[A-Z]. \w{1,10}|.{1,100} Co\.|^[A-Z][a-z]{1,10} [A-Z][a-z]{1,10},)	Swiss Jewel Co. Ltd.	True	(?!\(Mr. Egli; Phone 44.461, Basle\)|\(Vaud\)|\(Grands Magasins Innovation S.A.\)|\(St. Gall\)|\((Grands Magasins Innovation, S.A.)\)|\(agent\)|\(Egypt\)|\(J. Baumgartner\)|\(O. Hauser\)|\(Ch. Mayer, Prop.\)|\(Stockport\)|\(Switzerland\)|\(Burg\)|\(Continental\)|\(1920\)|\(Bury\)|\(England\))\(.{1,150}\),? ?	(for industrial purposes), via della Posta, Locarno; Phone (093)												
